SET SQL_MODE = "NO_AUTO_VALUE_ON_ZERO";
SET AUTOCOMMIT = 0;
START TRANSACTION;
SET time_zone = "+00:00";


/*!40101 SET @OLD_CHARACTER_SET_CLIENT=@@CHARACTER_SET_CLIENT */;
/*!40101 SET @OLD_CHARACTER_SET_RESULTS=@@CHARACTER_SET_RESULTS */;
/*!40101 SET @OLD_COLLATION_CONNECTION=@@COLLATION_CONNECTION */;
/*!40101 SET NAMES utf8 */;

--
-- Database: `yii_test_2`
--
CREATE DATABASE IF NOT EXISTS `yii_test_2` DEFAULT CHARACTER SET utf8 COLLATE utf8_unicode_ci;
USE `yii_test_2`;

-- --------------------------------------------------------

--
-- Table structure for table `article`
--

CREATE TABLE IF NOT EXISTS `article` (
  `article_id` int(11) NOT NULL AUTO_INCREMENT,
  `sort` smallint(6) NOT NULL DEFAULT '0',
  `public` tinyint(1) NOT NULL DEFAULT '0',
  `public_at` timestamp NOT NULL DEFAULT CURRENT_TIMESTAMP,
  PRIMARY KEY (`article_id`)
) ENGINE=InnoDB  DEFAULT CHARSET=utf8 COLLATE=utf8_unicode_ci AUTO_INCREMENT=101 ;

--
-- Dumping data for table `article`
--

INSERT INTO `article` (`article_id`, `sort`, `public`, `public_at`) VALUES
(1, 1, 1, '2017-02-14 19:25:42'),
(2, 2, 1, '2017-02-14 19:25:42'),
(3, 3, 1, '2017-02-14 19:25:42'),
(4, 4, 1, '2017-02-14 19:25:42'),
(5, 5, 1, '2017-02-14 19:25:42'),
(6, 6, 1, '2017-02-14 19:25:42'),
(7, 7, 1, '2017-02-14 19:25:43'),
(8, 8, 1, '2017-02-14 19:25:43'),
(9, 9, 1, '2017-02-14 19:25:43'),
(10, 10, 1, '2017-02-14 19:25:43'),
(11, 11, 1, '2017-02-14 19:25:43'),
(12, 12, 1, '2017-02-14 19:25:43'),
(13, 13, 1, '2017-02-14 19:25:43'),
(14, 14, 1, '2017-02-14 19:25:43'),
(15, 15, 1, '2017-02-14 19:25:43'),
(16, 16, 1, '2017-02-14 19:25:43'),
(17, 17, 1, '2017-02-14 19:25:43'),
(18, 18, 1, '2017-02-14 19:25:43'),
(19, 19, 1, '2017-02-14 19:25:43'),
(20, 20, 1, '2017-02-14 19:25:43'),
(21, 21, 1, '2017-02-14 19:25:43'),
(22, 22, 1, '2017-02-14 19:25:43'),
(23, 23, 1, '2017-02-14 19:25:43'),
(24, 24, 1, '2017-02-14 19:25:43'),
(25, 25, 1, '2017-02-14 19:25:43'),
(26, 26, 1, '2017-02-14 19:25:43'),
(27, 27, 1, '2017-02-14 19:25:43'),
(28, 28, 1, '2017-02-14 19:25:43'),
(29, 29, 1, '2017-02-14 19:25:43'),
(30, 30, 1, '2017-02-14 19:25:43'),
(31, 31, 1, '2017-02-14 19:25:43'),
(32, 32, 1, '2017-02-14 19:25:43'),
(33, 33, 1, '2017-02-14 19:25:43'),
(34, 34, 1, '2017-02-14 19:25:43'),
(35, 35, 1, '2017-02-14 19:25:43'),
(36, 36, 1, '2017-02-14 19:25:43'),
(37, 37, 1, '2017-02-14 19:25:43'),
(38, 38, 1, '2017-02-14 19:25:43'),
(39, 39, 1, '2017-02-14 19:25:43'),
(40, 40, 1, '2017-02-14 19:25:43'),
(41, 41, 1, '2017-02-14 19:25:43'),
(42, 42, 1, '2017-02-14 19:25:43'),
(43, 43, 1, '2017-02-14 19:25:43'),
(44, 44, 1, '2017-02-14 19:25:43'),
(45, 45, 1, '2017-02-14 19:25:43'),
(46, 46, 1, '2017-02-14 19:25:43'),
(47, 47, 1, '2017-02-14 19:25:43'),
(48, 48, 1, '2017-02-14 19:25:43'),
(49, 49, 1, '2017-02-14 19:25:43'),
(50, 50, 1, '2017-02-14 19:25:43'),
(51, 51, 1, '2017-02-14 19:25:43'),
(52, 52, 1, '2017-02-14 19:25:43'),
(53, 53, 1, '2017-02-14 19:25:43'),
(54, 54, 1, '2017-02-14 19:25:43'),
(55, 55, 1, '2017-02-14 19:25:43'),
(56, 56, 1, '2017-02-14 19:25:43'),
(57, 57, 1, '2017-02-14 19:25:43'),
(58, 58, 1, '2017-02-14 19:25:43'),
(59, 59, 1, '2017-02-14 19:25:43'),
(60, 60, 1, '2017-02-14 19:25:43'),
(61, 61, 1, '2017-02-14 19:25:43'),
(62, 62, 1, '2017-02-14 19:25:43'),
(63, 63, 1, '2017-02-14 19:25:43'),
(64, 64, 1, '2017-02-14 19:25:43'),
(65, 65, 1, '2017-02-14 19:25:43'),
(66, 66, 1, '2017-02-14 19:25:43'),
(67, 67, 1, '2017-02-14 19:25:43'),
(68, 68, 1, '2017-02-14 19:25:43'),
(69, 69, 1, '2017-02-14 19:25:43'),
(70, 70, 1, '2017-02-14 19:25:43'),
(71, 71, 1, '2017-02-14 19:25:43'),
(72, 72, 1, '2017-02-14 19:25:43'),
(73, 73, 1, '2017-02-14 19:25:43'),
(74, 74, 1, '2017-02-14 19:25:43'),
(75, 75, 1, '2017-02-14 19:25:43'),
(76, 76, 1, '2017-02-14 19:25:43'),
(77, 77, 1, '2017-02-14 19:25:43'),
(78, 78, 1, '2017-02-14 19:25:43'),
(79, 79, 1, '2017-02-14 19:25:43'),
(80, 80, 1, '2017-02-14 19:25:43'),
(81, 81, 1, '2017-02-14 19:25:43'),
(82, 82, 1, '2017-02-14 19:25:43'),
(83, 83, 1, '2017-02-14 19:25:43'),
(84, 84, 1, '2017-02-14 19:25:43'),
(85, 85, 1, '2017-02-14 19:25:43'),
(86, 86, 1, '2017-02-14 19:25:43'),
(87, 87, 1, '2017-02-14 19:25:43'),
(88, 88, 1, '2017-02-14 19:25:43'),
(89, 89, 1, '2017-02-14 19:25:43'),
(90, 90, 1, '2017-02-14 19:25:43'),
(91, 91, 1, '2017-02-14 19:25:43'),
(92, 92, 1, '2017-02-14 19:25:43'),
(93, 93, 1, '2017-02-14 19:25:43'),
(94, 94, 1, '2017-02-14 19:25:43'),
(95, 95, 1, '2017-02-14 19:25:43'),
(96, 96, 1, '2017-02-14 19:25:43'),
(97, 97, 1, '2017-02-14 19:25:43'),
(98, 98, 1, '2017-02-14 19:25:43'),
(99, 99, 1, '2017-02-14 19:25:43'),
(100, 100, 1, '2017-02-14 19:25:43');

-- --------------------------------------------------------

--
-- Table structure for table `content`
--

CREATE TABLE IF NOT EXISTS `content` (
  `content_id` int(11) NOT NULL AUTO_INCREMENT,
  `article_id` int(11) NOT NULL,
  `title` varchar(255) COLLATE utf8_unicode_ci DEFAULT NULL,
  `content` text COLLATE utf8_unicode_ci,
  PRIMARY KEY (`content_id`),
  UNIQUE KEY `article_id_idx` (`article_id`)
) ENGINE=InnoDB  DEFAULT CHARSET=utf8 COLLATE=utf8_unicode_ci AUTO_INCREMENT=101 ;

--
-- Dumping data for table `content`
--

INSERT INTO `content` (`content_id`, `article_id`, `title`, `content`) VALUES
(1, 1, 'Заголовок №1', 'Текст №1'),
(2, 2, 'Заголовок №2', 'Текст №2'),
(3, 3, 'Заголовок №3', 'Текст №3'),
(4, 4, 'Заголовок №4', 'Текст №4'),
(5, 5, 'Заголовок №5', 'Текст №5'),
(6, 6, 'Заголовок №6', 'Текст №6'),
(7, 7, 'Заголовок №7', 'Текст №7'),
(8, 8, 'Заголовок №8', 'Текст №8'),
(9, 9, 'Заголовок №9', 'Текст №9'),
(10, 10, 'Заголовок №10', 'Текст №10'),
(11, 11, 'Заголовок №11', 'Текст №11'),
(12, 12, 'Заголовок №12', 'Текст №12'),
(13, 13, 'Заголовок №13', 'Текст №13'),
(14, 14, 'Заголовок №14', 'Текст №14'),
(15, 15, 'Заголовок №15', 'Текст №15'),
(16, 16, 'Заголовок №16', 'Текст №16'),
(17, 17, 'Заголовок №17', 'Текст №17'),
(18, 18, 'Заголовок №18', 'Текст №18'),
(19, 19, 'Заголовок №19', 'Текст №19'),
(20, 20, 'Заголовок №20', 'Текст №20'),
(21, 21, 'Заголовок №21', 'Текст №21'),
(22, 22, 'Заголовок №22', 'Текст №22'),
(23, 23, 'Заголовок №23', 'Текст №23'),
(24, 24, 'Заголовок №24', 'Текст №24'),
(25, 25, 'Заголовок №25', 'Текст №25'),
(26, 26, 'Заголовок №26', 'Текст №26'),
(27, 27, 'Заголовок №27', 'Текст №27'),
(28, 28, 'Заголовок №28', 'Текст №28'),
(29, 29, 'Заголовок №29', 'Текст №29'),
(30, 30, 'Заголовок №30', 'Текст №30'),
(31, 31, 'Заголовок №31', 'Текст №31'),
(32, 32, 'Заголовок №32', 'Текст №32'),
(33, 33, 'Заголовок №33', 'Текст №33'),
(34, 34, 'Заголовок №34', 'Текст №34'),
(35, 35, 'Заголовок №35', 'Текст №35'),
(36, 36, 'Заголовок №36', 'Текст №36'),
(37, 37, 'Заголовок №37', 'Текст №37'),
(38, 38, 'Заголовок №38', 'Текст №38'),
(39, 39, 'Заголовок №39', 'Текст №39'),
(40, 40, 'Заголовок №40', 'Текст №40'),
(41, 41, 'Заголовок №41', 'Текст №41'),
(42, 42, 'Заголовок №42', 'Текст №42'),
(43, 43, 'Заголовок №43', 'Текст №43'),
(44, 44, 'Заголовок №44', 'Текст №44'),
(45, 45, 'Заголовок №45', 'Текст №45'),
(46, 46, 'Заголовок №46', 'Текст №46'),
(47, 47, 'Заголовок №47', 'Текст №47'),
(48, 48, 'Заголовок №48', 'Текст №48'),
(49, 49, 'Заголовок №49', 'Текст №49'),
(50, 50, 'Заголовок №50', 'Текст №50'),
(51, 51, 'Заголовок №51', 'Текст №51'),
(52, 52, 'Заголовок №52', 'Текст №52'),
(53, 53, 'Заголовок №53', 'Текст №53'),
(54, 54, 'Заголовок №54', 'Текст №54'),
(55, 55, 'Заголовок №55', 'Текст №55'),
(56, 56, 'Заголовок №56', 'Текст №56'),
(57, 57, 'Заголовок №57', 'Текст №57'),
(58, 58, 'Заголовок №58', 'Текст №58'),
(59, 59, 'Заголовок №59', 'Текст №59'),
(60, 60, 'Заголовок №60', 'Текст №60'),
(61, 61, 'Заголовок №61', 'Текст №61'),
(62, 62, 'Заголовок №62', 'Текст №62'),
(63, 63, 'Заголовок №63', 'Текст №63'),
(64, 64, 'Заголовок №64', 'Текст №64'),
(65, 65, 'Заголовок №65', 'Текст №65'),
(66, 66, 'Заголовок №66', 'Текст №66'),
(67, 67, 'Заголовок №67', 'Текст №67'),
(68, 68, 'Заголовок №68', 'Текст №68'),
(69, 69, 'Заголовок №69', 'Текст №69'),
(70, 70, 'Заголовок №70', 'Текст №70'),
(71, 71, 'Заголовок №71', 'Текст №71'),
(72, 72, 'Заголовок №72', 'Текст №72'),
(73, 73, 'Заголовок №73', 'Текст №73'),
(74, 74, 'Заголовок №74', 'Текст №74'),
(75, 75, 'Заголовок №75', 'Текст №75'),
(76, 76, 'Заголовок №76', 'Текст №76'),
(77, 77, 'Заголовок №77', 'Текст №77'),
(78, 78, 'Заголовок №78', 'Текст №78'),
(79, 79, 'Заголовок №79', 'Текст №79'),
(80, 80, 'Заголовок №80', 'Текст №80'),
(81, 81, 'Заголовок №81', 'Текст №81'),
(82, 82, 'Заголовок №82', 'Текст №82'),
(83, 83, 'Заголовок №83', 'Текст №83'),
(84, 84, 'Заголовок №84', 'Текст №84'),
(85, 85, 'Заголовок №85', 'Текст №85'),
(86, 86, 'Заголовок №86', 'Текст №86'),
(87, 87, 'Заголовок №87', 'Текст №87'),
(88, 88, 'Заголовок №88', 'Текст №88'),
(89, 89, 'Заголовок №89', 'Текст №89'),
(90, 90, 'Заголовок №90', 'Текст №90'),
(91, 91, 'Заголовок №91', 'Текст №91'),
(92, 92, 'Заголовок №92', 'Текст №92'),
(93, 93, 'Заголовок №93', 'Текст №93'),
(94, 94, 'Заголовок №94', 'Текст №94'),
(95, 95, 'Заголовок №95', 'Текст №95'),
(96, 96, 'Заголовок №96', 'Текст №96'),
(97, 97, 'Заголовок №97', 'Текст №97'),
(98, 98, 'Заголовок №98', 'Текст №98'),
(99, 99, 'Заголовок №99', 'Текст №99'),
(100, 100, 'Заголовок №100', 'Текст №100');

-- --------------------------------------------------------

--
-- Table structure for table `migration`
--

CREATE TABLE IF NOT EXISTS `migration` (
  `version` varchar(180) COLLATE utf8_unicode_ci NOT NULL,
  `apply_time` int(11) DEFAULT NULL,
  PRIMARY KEY (`version`)
) ENGINE=InnoDB DEFAULT CHARSET=utf8 COLLATE=utf8_unicode_ci;

--
-- Dumping data for table `migration`
--

INSERT INTO `migration` (`version`, `apply_time`) VALUES
('m000000_000000_base', 1487087616),
('m170214_153544_create_article_table', 1487100341),
('m170214_155920_create_content_table', 1487100342),
('m170214_170349_insert_articles_and_content', 1487100343);

--
-- Constraints for dumped tables
--

--
-- Constraints for table `content`
--
ALTER TABLE `content`
  ADD CONSTRAINT `content_to_article_article_id_fk` FOREIGN KEY (`article_id`) REFERENCES `article` (`article_id`);
COMMIT;

/*!40101 SET CHARACTER_SET_CLIENT=@OLD_CHARACTER_SET_CLIENT */;
/*!40101 SET CHARACTER_SET_RESULTS=@OLD_CHARACTER_SET_RESULTS */;
/*!40101 SET COLLATION_CONNECTION=@OLD_COLLATION_CONNECTION */;
